Feature,Coefficient
Ad_Spend,-0.00019411801324325812
Impressions,0.0021737287936747594
Clicks,0.04453174311499998
CTR,1.5980667350490179
